Metric,Value
Mean Test Accuracy,0.6519646109810044
Mean Test Recall,0.30790641600967317
Mean Test Precision,0.3138597046110195
Mean Test F1 Score,0.29357729622511936
Mean Test AUC,0.5428185047763594
Mean Test AUCPR,0.3272502309450406
