Metric,Value
Mean Test Accuracy,0.6172261254228468
Mean Test Recall,0.36552343082848654
Mean Test Precision,0.29257297271351523
Mean Test F1 Score,0.27073902134850775
Mean Test AUC,0.5522710232683249
Mean Test AUCPR,0.33976000261101397
