Metric,Value
Mean Test Accuracy,0.6926229508196721
Mean Test Recall,0.27923788707719605
Mean Test Precision,0.3304952950893408
Mean Test F1 Score,0.2531094148756103
Mean Test AUC,0.5454809801668079
Mean Test AUCPR,0.31382543522457074
