Metric,Value
Mean Test Accuracy,0.6414910226385635
Mean Test Recall,0.3608755202096984
Mean Test Precision,0.2960629606371154
Mean Test F1 Score,0.3241714180039541
Mean Test AUC,0.5467930199457527
Mean Test AUCPR,0.305287655887459
