Metric,Value
Mean Test Accuracy,0.7455281605027798
Mean Test Recall,0.09530148232974278
Mean Test Precision,0.28723555343779333
Mean Test F1 Score,0.11734780808952901
Mean Test AUC,0.5455638455698631
Mean Test AUCPR,0.30642292912596764
